pm25,fips,region,longitude,latitude
9.69823633333333,01003,east,-87.881412,30.498001
10.156352,01027,east,-85.802182,33.281261
10.389521,01033,east,-87.650562,34.758781
10.9444463333333,01049,east,-85.968298,34.287627
12.0039576666667,01055,east,-85.991072,33.993749
10.33696,01069,east,-85.390768,31.226359
11.7413435833333,01073,east,-86.815,33.553056
11.2619956666667,01089,east,-86.58637,34.68767
9.51660916666667,01097,east,-88.087526,30.769941
10.4720316363636,01101,east,-86.285278,32.425833
11.235365125,01103,east,-86.976939,34.518735
12.49032,01113,east,-84.99911,32.476781
10.7711523333333,01117,east,-86.821104,33.312927
11.539835,01121,east,-86.349438,33.279747
12.0431508333333,01125,east,-87.484217,33.18935
11.0232756666667,01127,east,-87.2725,33.832778
5.63681894444444,02020,west,-149.824602,61.205861
13.9648151052632,02090,west,-147.722461,64.840672
7.54859922727273,02110,west,-134.567237,58.388497
5.71414058823529,02170,west,-149.031655,61.534163
3.18107383333333,04001,west,-109.434003,35.881974
7.094099,04003,west,-109.539683,31.3492
6.13071566666667,04005,west,-111.652777,35.206111
8.60878668874172,04013,west,-112.14257,33.48385
5.4641025,04015,west,-113.410782,35.540017
5.328475,04019,west,-111.038389,32.322661
11.2851526428571,04021,west,-111.752222,32.877583
12.467529,04023,west,-110.936718,31.337204
4.954688,04025,west,-112.331,34.595
8.91166666666667,04027,west,-114.648905,32.677001
10.6398863333333,05001,west,-91.55896,34.518515
10.436235,05003,west,-91.950377,33.136862
11.1147433333333,05035,west,-90.193141,35.197288
10.7176555,05045,west,-92.427859,35.105193
10.7455226666667,05051,west,-93.000178,34.469441
10.4503506666667,05067,west,-91.189506,35.638169
10.7239586666667,05107,west,-90.586049,34.529766
10.4417366666667,05113,west,-94.226234,34.583699
11.097645,05115,west,-93.10005,35.259775
11.6513733333333,05119,west,-92.281296,34.756189
10.9368445,05131,west,-94.424288,35.389672
10.8870236666667,05139,west,-92.669619,33.220274
10.6965246666667,05143,west,-94.116827,36.1797
10.641453,05145,west,-91.715596,35.24894
9.70079861111111,06001,west,-121.784217,37.687526
12.4461788,06007,west,-121.843286,39.757371
7.15937984,06009,west,-120.681567,38.201852
8.3310512,06011,west,-122.017728,39.202935
8.8291715,06013,west,-122.026154,37.936013
15.9212679724771,06019,west,-119.77319,36.781333
7.4918643,06023,west,-124.1621,40.80178
10.1731023076923,06025,west,-115.484144,32.676186
6.27976176470588,06027,west,-117.871036,36.487823
17.0069669509804,06029,west,-119.015009,35.385574
17.64309332,06031,west,-119.566954,36.10218
5.334515,06033,west,-122.92229,39.0327
12.9129848383234,06037,west,-117.92391,34.1365
9.38790887179487,06045,west,-123.20655,39.15047
16.7342545909091,06047,west,-120.480993,37.308537
6.17497468,06053,west,-121.637182,36.69676
7.3918825,06057,west,-121.056591,39.234331
11.1986075862069,06059,west,-117.93845,33.83062
8.7798792,06061,west,-121.266312,38.745726
11.1726877272727,06063,west,-120.938821,39.937099
12.9275568897638,06065,west,-117.40063,33.94603
10.9952636,06067,west,-121.368014,38.613779
6.00954053846154,06069,west,-121.362121,36.844096
11.0697715,06071,west,-117.69,34.037222
9.12003743548387,06073,west,-117.059075,32.631231
10.5638045769231,06075,west,-122.399044,37.765946
12.9647855714286,06077,west,-121.268523,37.950741
7.91481618309859,06079,west,-120.669861,35.256577
9.22233429411765,06081,west,-122.20337,37.482934
8.11871026470588,06083,west,-119.691218,34.427775
10.5049506052632,06085,west,-121.574684,36.999571
6.33100646153846,06087,west,-121.989328,36.983921
8.3660552,06089,west,-122.382011,40.549985
5.68918366666667,06093,west,-122.633579,41.726892
10.4147978,06095,west,-122.237976,38.102507
8.945043,06097,west,-122.710169,38.443503
15.9917945,06099,west,-120.994622,37.641583
7.89798785714286,06101,west,-121.618549,39.138773
17.6334832,06107,west,-119.291228,36.332179
9.68106946666667,06111,west,-118.870496,34.210154
8.2772052,06113,west,-121.73269,38.66121
8.259188625,08001,west,-104.937438,39.826007
6.5562286,08005,west,-105.019526,39.604399
6.76698833333333,08013,west,-105.100856,40.164576
7.65183955555556,08031,west,-104.987625,39.751184
5.7011586,08035,west,-105.070358,39.534488
4.18589533333333,08039,west,-104.63477,39.231384
6.41422125,08041,west,-104.827739,38.828042
6.6172134,08069,west,-105.079693,40.571288
9.454001,08077,west,-108.561173,39.063798
6.27594,08083,west,-108.592334,37.350054
6.6868,08101,west,-104.612133,38.263058
7.6237515,08123,west,-104.70693,40.414877
9.82177833333333,09001,east,-73.194722,41.170833
8.89481883333333,09003,east,-72.631667,41.784722
7.02987083333333,09005,east,-73.07908,41.64486
10.0728290952381,09009,east,-72.894167,41.291111
8.821875,09011,east,-72.076667,41.524167
10.0837516666667,10001,east,-75.5568,38.986672
11.3972717575758,10003,east,-75.491944,39.761111
10.601664,10005,east,-75.6106,38.6539
11.1714609166667,11001,west,-76.958072,38.895572
7.47790755555556,12001,east,-82.387778,29.706111
9.416823,12005,east,-85.614444,30.144167
7.1026538,12009,east,-80.628611,28.053611
7.00543805263158,12011,east,-80.237586,26.083143
7.40223525,12017,east,-82.7,28.980556
8.47080572727273,12031,east,-81.634167,30.135556
9.31709766666667,12033,east,-87.20355,30.525367
8.19275285714286,12057,east,-82.509722,27.931944
6.81402525,12071,east,-81.877908,26.602016
10.0112032,12073,east,-84.346389,30.439722
7.22329185,12086,east,-80.326389,25.941944
7.34320123076923,12095,east,-81.345556,28.550833
6.24618414102564,12099,east,-80.666667,26.724444
7.86245623076923,12103,east,-82.739875,27.785866
7.7751365,12105,east,-81.972222,28.028889
7.610497375,12111,east,-80.40833,27.448889
6.911681875,12115,east,-82.507222,27.290556
7.735975125,12117,east,-81.310556,28.746111
7.21377333333333,12127,east,-81.0525,29.206667
12.3607962,13021,east,-83.641096,32.777455
10.9672216666667,13051,east,-81.14399,32.092957
11.3089543333333,13059,east,-83.344495,33.918067
12.9210143333333,13063,east,-84.391028,33.609867
12.3806914,13067,east,-84.607407,34.015482
11.989396875,13089,east,-84.29048,33.68797
11.577398,13095,east,-84.100194,31.576917
12.401737625,13115,east,-85.304826,34.263198
12.619078125,13121,east,-84.389708,33.819564
9.773661,13127,east,-81.495881,31.169735
12.1405363333333,13135,east,-84.06901,33.96127
11.1724183333333,13139,east,-83.81217,34.30008
11.453616,13153,east,-83.597907,32.6056
10.1734664,13185,east,-83.294444,30.848056
12.4423627333333,13215,east,-84.980977,32.483543
10.9638056666667,13223,east,-85.04534,33.9285
12.3927911818182,13245,east,-81.991426,33.469164
10.6291143333333,13295,east,-85.30098,34.97889
11.32045,13303,east,-82.80876,32.974881
12.6764072857143,13319,east,-83.333775,32.881829
8.85452892227979,15001,west,-155.11053,19.717562
5.39163370238095,15003,west,-158.088613,21.323745
4.37392694871795,15009,west,-156.446373,20.780997
9.6828875,16001,west,-116.347853,43.600699
4.65856565517241,16005,west,-112.455,42.978333
10.0287429166667,16009,west,-116.57028,47.316667
8.258523,16027,west,-116.562676,43.58031
10.857999,16041,west,-111.809167,42.013333
11.24286225,16059,west,-113.890285,45.181897
12.7902741707317,16079,west,-116.236667,47.536389
9.35373966666667,17001,west,-91.335868,39.915409
11.059005,17019,west,-88.229531,40.123796
11.9404583589744,17031,west,-87.539315,41.687165
10.9013086666667,17043,west,-88.152534,41.771071
11.2698376666667,17065,west,-88.624943,38.082155
10.3368293333333,17083,west,-90.32408,39.110539
10.5814568333333,17089,west,-88.280015,42.050403
9.256495,17097,west,-87.810047,42.467573
10.275219,17099,west,-89.049425,41.293015
10.003862,17111,west,-88.242207,42.221442
10.4695876666667,17113,west,-88.996896,40.518735
11.6319266666667,17115,west,-88.925594,39.866834
13.1822057941176,17119,west,-90.144763,38.700632
11.11607,17143,west,-89.584737,40.697007
10.1047343333333,17157,west,-89.788459,38.176278
9.655263,17161,west,-90.51735,41.514727
11.7751504444444,17163,west,-90.160477,38.612034
11.0390646666667,17167,west,-89.644164,39.831921
10.5051791666667,17197,west,-88.116474,41.526885
10.0347253333333,17201,west,-89.092767,42.263081
13.2222275833333,18003,east,-85.101816,41.094965
13.1263918333333,18019,east,-85.740153,38.277675
11.8311106666667,18035,east,-85.387999,40.201141
12.7167076,18037,east,-86.959031,38.369436
12.7590335555556,18039,east,-85.968372,41.656905
12.764976,18043,east,-85.834167,38.308056
11.577593,18051,east,-87.318789,38.322931
11.4242573333333,18065,east,-85.523455,40.009525
11.6593243333333,18067,east,-86.132879,40.485479
11.7791513333333,18083,east,-87.484733,38.740882
13.0106452666667,18089,east,-87.440843,41.636127
10.6785276666667,18091,east,-86.891216,41.707212
11.5496646363636,18095,east,-85.679952,40.111975
13.9367088962264,18097,east,-86.166464,39.744993
12.1921582916667,18127,east,-87.199248,41.617558
12.11494544,18141,east,-86.207826,41.66346
12.1957166666667,18147,east,-86.983214,38.167523
12.1435651904762,18157,east,-86.8525,40.431639
12.7506098333333,18163,east,-87.567236,37.971727
12.5286913333333,18167,east,-87.401398,39.48615
10.5336378,19013,west,-92.343889,42.493056
11.6825058333333,19045,west,-90.211982,41.823283
10.244444,19055,west,-91.538493,42.600834
10.9412913333333,19103,west,-91.503478,41.657232
11.1236636666667,19111,west,-91.391012,40.400959
10.3895095,19113,west,-91.6793,42.00508
9.284132,19137,west,-95.044951,40.969112
12.2349418571429,19139,west,-91.067957,41.400968
8.75415633333333,19147,west,-94.693518,43.123704
9.62258216666667,19153,west,-93.643118,41.603159
10.8703263333333,19155,west,-95.896124,41.264171
11.92852375,19163,west,-90.587611,41.530011
9.27734666666667,19177,west,-92.006318,40.695078
9.877204,19193,west,-96.387903,42.517968
9.631992,19197,west,-93.655976,42.695391
8.86319433333333,20091,west,-94.687013,38.974457
9.188932,20107,west,-94.731988,38.135882
8.92304066666667,20173,west,-97.297714,37.659334
9.20870166666667,20177,west,-95.711275,39.024265
8.63623466666667,20191,west,-97.366399,37.47689
9.76535792307692,20209,west,-94.635605,39.117219
11.2334636,21013,east,-83.73694,36.60843
11.405537,21019,east,-82.64041,38.45934
12.936532,21029,east,-85.71192,37.98629
11.7408472222222,21037,east,-84.47445,39.021881
9.632266,21043,east,-82.9881,38.23887
11.3133903333333,21047,east,-87.323337,36.91171
12.251379,21059,east,-87.075307,37.780776
11.8825493,21067,east,-84.49761,38.06503
11.0909146666667,21073,east,-84.8385,38.219361
11.7901636,21093,east,-85.852629,37.705612
11.7041668,21101,east,-87.46375,37.8712
13.1847264,21111,east,-85.81566,38.23319
11.7939376666667,21117,east,-84.525,39.0725
11.604687,21145,east,-88.63774,37.06636
10.2793806666667,21151,east,-84.284952,37.738458
11.898906,21183,east,-86.956097,37.319725
10.592,21193,east,-83.20932,37.28329
9.7845467,21195,east,-82.53532,37.4826
11.5065073333333,21227,east,-86.250628,37.035438
10.7825348333333,22017,east,-93.794999,32.471666
8.91025916666667,22019,east,-93.578333,30.227778
10.4622658888889,22033,east,-91.17922,30.46198
9.75628433333333,22047,east,-91.060556,30.217778
9.079453,22051,east,-90.275091,30.043573
9.04711766666667,22055,east,-92.0172,30.274833
9.16439333333333,22073,east,-92.046093,32.509713
8.89871766666667,22079,east,-92.410611,31.177638
10.5499696666667,22087,east,-89.976263,29.94475
9.4451545,22105,east,-90.376944,30.503056
8.52827633333333,22109,east,-90.779967,29.678883
10.75329325,22121,east,-91.213556,30.500643
7.794286,23001,east,-70.214219,44.089406
6.98797145454545,23003,east,-68.322685,47.355332
8.45788333333333,23005,east,-70.256178,43.677994
4.50240566666667,23009,east,-68.2609,44.37705
7.81416733333333,23011,east,-69.786717,44.312319
8.25966366666667,23017,east,-70.546319,44.551419
7.38414666666667,23019,east,-68.769675,44.79886
5.186747,23021,east,-69.591648,45.464876
11.5745553333333,24003,east,-76.627933,39.169533
10.989492,24005,east,-76.631673,39.462029
11.1880729333333,24015,east,-75.860051,39.701444
10.0769146666667,24025,east,-76.296946,39.410191
10.2170106842105,24031,east,-77.106876,39.114313
10.6030914776119,24033,east,-76.93219,38.94121
11.2421132941176,24043,east,-77.720244,39.564178
12.1506369512195,24510,east,-76.582222,39.340556
9.19451933333333,25003,east,-73.254108,42.448009
8.28275466666667,25005,east,-71.169235,41.685707
8.03205455555556,25009,east,-70.970816,42.474642
9.01815466666667,25013,east,-72.555112,42.19438
7.782645,25017,east,-71.362068,42.62668
8.64129616666667,25023,east,-71.014739,42.081936
9.94226366666667,25025,east,-71.097163,42.348873
9.093791,25027,east,-71.798375,42.260102
8.93590533333333,26005,east,-86.148577,42.767786
8.40468533333333,26017,east,-83.890721,43.571391
9.20833766666667,26021,east,-86.309694,42.19779
11.6336744,26033,east,-84.364167,46.493611
9.21951966666667,26049,east,-83.670159,43.047224
9.25362366666667,26065,east,-84.534633,42.738618
10.1471461666667,26077,east,-85.54189,42.278067
10.2316671111111,26081,east,-85.679117,42.956117
9.535325,26091,east,-83.946559,41.995568
9.669258,26099,east,-82.793463,42.731394
6.75836533333333,26101,east,-86.242649,44.307
6.153301,26113,east,-84.891865,44.310555
10.370516,26115,east,-83.471944,41.763889
9.09049966666667,26121,east,-86.23858,43.233061
10.0200566666667,26125,east,-83.183199,42.463063
9.993553,26139,east,-85.852734,42.894451
9.88888633333333,26147,east,-82.456229,42.953336
10.4280265,26161,east,-83.599602,42.240565
10.8198508217054,26163,east,-83.2082,42.22862
4.34172816666667,27021,west,-94.150987,47.159942
9.59318033333333,27037,west,-93.23725,44.73846
9.7783449,27053,west,-93.25892,44.87551
6.9188455,27095,west,-93.75945,46.2053
9.57465333333333,27109,west,-92.450366,43.996908
10.2887646153846,27123,west,-93.01708,44.89926
6.24291216666667,27137,west,-92.536305,47.523355
9.37265066666667,27139,west,-93.512534,44.791437
8.55235566666667,27145,west,-94.13345,45.549839
8.78666666666667,27163,west,-92.78027,45.01876
10.1914543333333,28001,east,-91.390405,31.560752
10.7180813333333,28011,east,-90.723028,33.746056
10.5373836666667,28033,east,-89.98783,34.82166
12.0406446666667,28035,east,-89.287167,31.323639
9.749108,28043,east,-89.792778,33.834444
9.46503733333333,28047,east,-89.049778,30.390369
11.4255025,28049,east,-90.1412,32.385731
9.64066633333333,28059,east,-88.53393,30.378287
12.2182073333333,28067,east,-89.135115,31.688638
11.430023,28075,east,-88.731491,32.364565
11.3192303333333,28081,east,-88.766222,34.264917
10.6288995,28087,east,-88.418567,33.491121
11.0682172777778,29021,west,-94.858584,39.741694
9.68185577777778,29037,west,-94.57997,38.75976
9.91200333333333,29039,west,-94.035,37.69
9.35354244444444,29047,west,-94.376623,39.30309
10.045200875,29077,west,-93.284874,37.199541
11.187008,29095,west,-94.570796,39.104758
10.6716542727273,29099,west,-90.361492,38.43783
12.243396,29183,west,-90.226488,38.872546
11.3636205,29186,west,-90.051204,37.967281
11.4840800588235,29189,west,-90.327477,38.456762
12.6136766470588,29510,west,-90.263711,38.542551
5.11706416666667,30013,west,-111.278889,47.502222
8.46164677868853,30029,west,-114.174722,48.381111
6.55527425242718,30031,west,-111.068135,45.726223
8.58951867777778,30049,west,-112.035278,46.603889
11.25065,30053,west,-115.553309,48.391545
8.21510781818182,30063,west,-113.4827,47.1771
8.03774343636364,30081,west,-114.158889,46.243621
5.49860424,30083,west,-104.485552,47.803392
6.41219957142857,30089,west,-115.323746,47.594395
10.0470852790698,30093,west,-112.501247,46.002602
6.44962766666667,30111,west,-108.426111,45.801944
9.67058132692308,31055,west,-95.973142,41.247486
7.31992,31079,west,-98.364967,40.942099
8.20116966666667,31109,west,-96.68302,40.81259
11.228491962963,31153,west,-95.956103,41.133294
5.56392475,31157,west,-103.664444,41.865
8.75971833333333,31177,west,-96.146175,41.551211
7.2591782,32003,west,-115.113916,36.163959
8.31676177777778,32031,west,-119.807717,39.525083
5.67333783333333,33001,east,-71.496361,43.566111
9.56474282857143,33005,east,-72.272389,42.930472
6.48706155172414,33009,east,-72.309583,43.629611
8.2021062,33011,east,-71.444583,42.762056
8.274278,33013,east,-71.458306,43.13244
7.19440534285714,33015,east,-70.748,43.075333
8.546667,33019,east,-72.338333,43.364444
9.29534066666667,34001,east,-74.448736,39.464872
11.0967993333333,34003,east,-73.973314,40.852256
11.0921324,34007,east,-75.097617,39.923042
10.1354416666667,34013,east,-74.212738,40.730286
9.97266933333333,34015,east,-75.284723,39.830806
11.0535022222222,34017,east,-74.05229,40.725454
9.319862,34021,east,-74.763167,40.222411
8.796169,34023,east,-74.422403,40.472825
8.2837905,34027,east,-74.483433,40.801211
9.01857033333333,34029,east,-74.170447,39.994908
9.79810733333333,34031,east,-74.168092,40.918381
10.9732397692308,34039,east,-74.208365,40.64144
9.38279475,34041,east,-75.180525,40.699207
5.43849355555556,35001,west,-106.5852,35.1343
5.808578,35005,west,-104.523611,33.396944
9.0515952,35013,west,-106.5575,31.795833
4.846861,35017,west,-108.271667,32.784444
5.660888,35025,west,-103.122917,32.726656
4.0068345,35043,west,-106.649444,35.238056
4.66262616666667,35045,west,-108.220833,36.7275
4.10105933333333,35049,west,-105.953611,35.671111
8.262994,36001,east,-73.75464,42.64225
11.2789320833333,36005,east,-73.92009,40.83606
7.5499004,36013,east,-79.58961,42.29071
9.9468175,36029,east,-78.809526,42.876907
4.42011366666667,36031,east,-73.8589,44.39308
10.8066123333333,36047,east,-73.94771,40.71961
8.271174,36055,east,-77.54817,43.14618
9.549764,36059,east,-73.73388,40.63103
11.8159106153846,36061,east,-73.96661,40.75912
8.5668852,36063,east,-79.00106,43.08218
7.6943322,36067,east,-76.05921,43.05235
8.53265366666667,36071,east,-74.00885,41.49916
9.99871033333333,36081,east,-73.82153,40.73614
9.81953766666667,36085,east,-74.13719,40.63307
5.7931625,36089,east,-74.95151,44.67811
7.40299266666667,36101,east,-77.20978,42.09142
8.84131966666667,36103,east,-73.41919,40.74529
9.61576766666667,36119,east,-73.76575,40.93149
10.8927433333333,37001,east,-79.407821,36.089004
9.55256242857143,37021,east,-82.583333,35.6075
9.941374,37033,east,-79.467417,36.307033
11.406523,37035,east,-81.365556,35.728889
9.8700646,37037,east,-79.159722,35.757222
11.46784575,37051,east,-78.953112,35.041416
12.120873,37057,east,-80.2625,35.814444
9.27016,37061,east,-77.960781,34.954823
10.4236796666667,37063,east,-78.905417,36.032944
10.272871,37065,east,-77.75007,35.93355
10.8731255,37067,east,-80.226667,36.110556
11.1207466666667,37071,east,-81.153333,35.253056
10.907798,37081,east,-79.801111,36.109167
10.561391,37087,east,-82.97918,35.50575
9.72061083333333,37099,east,-83.278056,35.466667
9.7734438,37107,east,-77.568792,35.231459
10.7098138,37111,east,-81.993808,35.687406
9.8205842,37117,east,-76.906249,35.81066
11.506857,37119,east,-80.785683,35.2401
9.56803666666667,37121,east,-82.073333,35.915278
9.5982845,37123,east,-79.836613,35.2632
8.794332,37129,east,-77.838611,34.364167
12.14,37135,east,-79.056667,35.901944
10.4836334444444,37147,east,-77.386111,35.594167
10.4413583333333,37155,east,-78.99028,34.645
11.392121,37159,east,-80.395039,35.551868
9.42976508333333,37173,east,-83.442133,35.434767
10.442205,37183,east,-78.574167,35.856111
8.62373033333333,37189,east,-81.663056,36.221944
11.489371,37191,east,-77.993893,35.369214
4.445261,38007,west,-103.37853,46.8943
6.85138458823529,38015,west,-100.76821,46.825425
8.65563647058823,38017,west,-96.85535,46.933754
6.682989,38057,west,-101.766944,47.298611
9.719606,39009,east,-81.908827,39.442165
13.3537078888889,39017,east,-84.3543,39.4938
12.7792063333333,39023,east,-83.80949,39.92882
11.5753586666667,39025,east,-84.1441,39.0828
12.95217124,39035,east,-81.703803,41.480891
12.0030557407407,39049,east,-82.99344,39.99875
11.875767,39057,east,-83.88705,39.80834
13.8866486923077,39061,east,-84.36612,39.2787
12.740308,39081,east,-80.61558,40.36644
10.802238,39085,east,-81.24248,41.72229
11.88043,39087,east,-82.665331,38.520043
10.390362,39093,east,-82.114261,41.463071
11.7130285384615,39095,east,-83.54625,41.644067
12.3814811111111,39099,east,-80.645062,41.111126
10.2358348333333,39103,east,-81.911636,41.10087
13.4121483333333,39113,east,-84.187678,39.760659
11.4944176666667,39133,east,-81.2352,41.1644
11.685097,39135,east,-84.72049,39.83562
11.4683505,39145,east,-82.917,38.754595
13.3125453333333,39151,east,-81.394186,40.786878
13.2186769268293,39153,east,-81.468956,41.063526
12.5797465,39155,east,-80.787053,41.214577
11.8646893333333,39165,east,-84.20077,39.42689
11.0958737727273,40001,west,-94.669697,35.750735
9.0617425,40015,west,-98.252778,35.111944
10.9530696666667,40097,west,-95.310616,36.304624
10.867874,40101,west,-95.377669,35.755273
9.59903444444445,40109,west,-97.52709,35.47292
9.47920516666667,40115,west,-94.838889,36.922222
10.2358013333333,40121,west,-95.784375,34.90227
10.4086445,40135,west,-94.830059,35.581174
11.1613671666667,40143,west,-95.925382,36.14004
5.2520316,41017,west,-121.312554,44.063916
10.4523575,41025,west,-119.051111,43.586389
7.73074233333333,41029,west,-122.87923,42.31411
8.4805664,41033,west,-123.348466,42.434139
11.886877,41035,west,-121.731369,42.190296
10.3575974285714,41037,west,-120.353969,42.189215
7.90896707407407,41039,west,-123.139831,44.066304
9.56221533333333,41043,west,-122.7305,44.3958
7.13381283333333,41051,west,-122.602877,45.496641
8.1454586,41059,west,-118.823033,45.652231
6.747489,41061,west,-118.095206,45.339
8.04155475,41067,west,-122.972398,45.528501
11.341486,42001,east,-77.30968,39.92002
13.082700729927,42003,east,-79.960757,40.46542
12.3694926190476,42007,east,-80.316442,40.747796
10.8911238235294,42011,east,-75.9686,40.38335
11.6064875882353,42017,east,-74.882222,40.107222
12.7657831818182,42021,east,-78.915,40.309722
9.67006064705882,42027,east,-77.877028,40.811389
13.9916447777778,42029,east,-75.768242,39.834461
12.7549866363636,42041,east,-77.18675,40.246528
12.3510632857143,42043,east,-76.846988,40.246992
12.7077554333333,42045,east,-75.3725,39.835556
10.2643846666667,42049,east,-80.038611,42.14175
9.60061505555556,42069,east,-75.623056,41.442778
12.09918484,42071,east,-76.283333,40.046667
10.5993668235294,42085,east,-80.484779,41.215014
10.9005622352941,42091,east,-75.309167,40.112222
12.0443675454545,42095,east,-75.341111,40.628056
11.7138066521739,42101,east,-75.09778,40.008889
11.9824084035088,42125,east,-79.902222,40.146667
13.4550365,42129,east,-79.505667,40.304694
12.5494129655172,42133,east,-76.699444,39.965278
6.25986011111111,44003,east,-71.72,41.615237
8.6501985,44007,east,-71.415105,41.807776
9.7182384,45019,east,-80.06501,32.980254
10.274172,45025,east,-80.198787,34.615367
10.7437723333333,45037,east,-81.853635,33.739963
10.6539138,45041,east,-79.850404,34.167636
11.6346281818182,45045,east,-82.402918,34.838814
11.4228026666667,45063,east,-81.15495,34.051017
8.470111,45073,east,-83.2377,34.805261
11.3463119,45079,east,-80.962304,34.093959
10.92421175,45083,east,-82.005211,34.926839
8.41247233333333,46011,west,-96.80071,44.310283
8.09672866666667,46013,west,-98.486111,45.4625
8.93955833333333,46029,west,-97.128802,44.89965
4.96223265,46033,west,-103.48386,43.55764
4.2991605,46071,west,-101.941218,43.74561
9.34027370588235,46099,west,-96.726435,43.544289
6.47269891176471,46103,west,-103.273777,44.087397
11.74918775,47065,east,-85.24293,34.99438
12.3049157209302,47145,east,-84.51157,35.9049
8.8240681,48029,west,-98.620166,29.51509
11.2121806666667,48037,west,-94.070802,33.425758
5.37758633333333,48043,west,-103.17781,29.30265
11.2578852,48061,west,-97.1622,26.069615
10.0218347692308,48113,west,-96.797686,32.774262
7.9302596,48135,west,-102.342037,31.836575
10.1725561428571,48139,west,-97.026899,32.482083
10.7984006,48141,west,-106.50126,31.768291
12.0282511666667,48201,west,-95.326137,29.901036
9.9992406,48203,west,-94.167457,32.668987
10.519801,48215,west,-98.291069,26.22621
10.179899,48245,west,-93.909018,29.922894
7.68746033333333,48303,west,-101.850419,33.590764
9.70758258823529,48355,west,-97.431582,27.804505
10.2574732,48361,west,-93.761341,30.085263
5.96617166666667,48375,west,-101.909275,35.201592
9.96228676470588,48439,west,-97.356568,32.805818
9.24707607142857,48453,west,-97.872301,30.483168
8.0182524,49003,west,-112.018863,41.492707
9.701085,49005,west,-111.8375,41.731111
9.4090856,49011,west,-111.884467,40.902967
9.72257816129032,49035,west,-111.849722,40.646667
6.56660842857143,49045,west,-112.299618,40.543309
8.91265248275862,49049,west,-111.663056,40.253611
9.51341085714286,49057,west,-111.975524,41.206321
6.90222233333333,50003,west,-73.24984,42.88759
6.612414,50007,west,-72.86884,44.52839
9.83236766666667,50021,west,-72.982778,43.608056
9.38644566666667,51003,east,-78.50397,38.07657
10.8941336666667,51013,east,-77.05922,38.8577
9.48757866666667,51036,east,-77.25925,37.34438
10.2362046666667,51041,east,-77.45118,37.43467
10.3534592222222,51059,east,-77.10468,38.77335
11.0750656666667,51069,east,-78.08157,39.28102
10.0198884090909,51087,east,-77.40027,37.55652
10.6881375,51107,east,-77.48925,39.02473
9.84487533333333,51139,east,-78.50442,38.66373
10.8379746666667,51165,east,-78.81952,38.47753
10.22153,51520,east,-82.1641,36.608
10.2435952,51650,east,-76.398633,37.000983
9.6262168,51680,east,-79.215011,37.332706
11.45458935,51710,east,-76.30135,36.85555
11.238868375,51770,east,-79.985,37.256111
9.92818666666667,51775,east,-80.081017,37.297883
10.4877426,51810,east,-76.181233,36.841883
10.145161,53003,west,-117.060445,46.425416
15.073333,53007,west,-120.318333,47.412222
7.930779,53011,west,-122.586944,45.648333
8.21746891489362,53033,west,-122.2806,47.755
7.961224,53037,west,-120.545,46.99364
9.35847309090909,53053,west,-122.4517,47.1864
9.26229154054054,53061,west,-121.6031,48.2469
8.1568955,53063,west,-117.358121,47.660743
9.76381928571429,53077,west,-120.499167,46.598056
12.8424393333333,54003,east,-77.964125,39.448006
13.5473435555556,54009,east,-80.596635,40.341023
13.370154,54011,east,-82.4259,38.424133
12.396501,54029,east,-80.580717,40.421539
11.7832403333333,54033,east,-80.34225,39.278117
12.5171663333333,54039,east,-81.628317,38.3456
12.8436943333333,54049,east,-80.134667,39.481483
13.1252383333333,54051,east,-80.733858,39.915961
11.5568366666667,54061,east,-79.920867,39.649367
12.423321,54069,east,-80.700972,40.114876
10.117097,54081,east,-81.197433,37.807767
13.0751573333333,54107,east,-81.552367,39.323533
5.84358566666667,55003,west,-90.656,46.602
11.1370901333333,55009,west,-87.99344,44.50729
11.2426925238095,55025,west,-89.4358,43.0733
11.2266401904762,55027,west,-88.527778,43.435
6.52109216666667,55041,west,-88.8088,45.563
11.4513123333333,55043,west,-90.698,42.693
10.3200291764706,55059,west,-87.8093,42.504722
9.738238,55063,west,-91.2269,43.7775
9.66193566666667,55071,west,-87.6161,44.138619
12.0731117297297,55079,west,-87.933333,43.016667
10.493914,55087,west,-88.395134,44.30738
10.1946126666667,55089,west,-87.81,43.49806
9.96331566666667,55109,west,-92.662696,45.124437
9.61094233333333,55111,west,-89.6797,43.4351
8.73382666666667,55119,west,-90.5972,45.2066
6.28045366666667,55125,west,-89.653,46.052
12.252861,55133,west,-88.21507,43.020075
4.99605188,56005,west,-105.235833,43.676944
3.11951929411765,56009,west,-105.386453,43.426621
8.48661766666667,56013,west,-108.736277,42.841049
4.1175002,56021,west,-104.817801,41.139976
5.5417062,56029,west,-109.072975,44.532426
7.27365155555556,56033,west,-106.955933,44.815142
5.0418804516129,56035,west,-109.860957,42.870531
6.21169,56037,west,-109.220722,41.591613
4.68442566666667,56039,west,-110.76118,43.47808
7.5308114,72061,west,-66.11446,18.440095
6.639509375,78010,west,-64.785278,17.714444
11.8234667,06041,west,-122.520004,37.97231
4.24137933333333,08067,west,-107.62863,37.13678
5.1656486,16077,west,-112.535556,42.9125
11.7209746,18105,east,-86.504762,39.159383
6.169231,26047,east,-84.9701,45.3485
10.164645,28045,east,-89.395916,30.300833
9.214189,37101,east,-78.461944,35.590833
8.699521,41013,west,-120.844773,44.299787
12.1097236,42005,east,-79.56475,40.814183
8.82634782142857,46127,west,-96.707208,42.751518
4.0509458,49053,west,-113.1506,37.1983
8.8413075,51700,east,-76.48105,37.0998
8.7214285,55035,west,-91.496,44.812
5.201236,56001,west,-105.591725,41.311586
4.515468,56025,west,-106.325088,42.851064
4.061364,72001,west,-66.725988,18.175378
6.1429415,72053,west,-65.618888,18.383983
6.625977,72057,west,-66.165016,17.957894
4.418519,72059,west,-66.802253,18.045111
5.926381,72113,west,-66.627249,18.009558
7.015217,72127,west,-66.05251,18.449814
20.5366647333333,06039,west,-120.034203,36.953256
8.114703,08103,west,-108.761389,40.086944
10.6702804,18183,east,-85.629292,41.169646
8.063095,19171,west,-92.65225,41.987306
11.0159676666667,21199,east,-84.61152,37.09798
10.8842562,24023,east,-79.012,39.70595
9.2629992,24029,east,-75.797317,39.305021
8.107018,27003,west,-93.207615,45.13768
5.245086,30075,west,-105.370283,45.440295
4.075733,30087,west,-106.48982,45.366151
8.153276,38013,west,-102.4018,48.64193
8.6310768,38053,west,-103.2995,47.5812
11.038462,39003,east,-84.0539,40.770944
6.2151142,42013,east,-78.370833,40.535278
9.1710944,42089,east,-75.32328,41.08306
11.285345,51510,east,-77.04435,38.810403
13.071429,53047,west,-119.51896,48.39999
